id;login;first_name;last_name;password_hash;email;activated;image_url;lang_key;created_date;certification_status;doc_type;doc_id_hash
3;smithjennifer;Jamie;Davis;$2a$10$U24GVOLNqcrtd7L.R/sEdeK1K/Lx6OXbH5PkDu4wXELgb0ySVyAx2;davisjessica@example.org;True;;fr;2023-06-24T04:03:23.897658;REJECTED;PASSPORT;cdLTmvIXfv
4;qcoffey;Laura;Johnson;$2a$10$U24GVOLNqcrtd7L.R/sEdeK1K/Lx6OXbH5PkDu4wXELgb0ySVyAx2;theresacooper@example.com;True;;fr;2021-01-02T02:29:03.303279;REJECTED;PASSPORT;xJgezkJtiY
5;omar72;Todd;Robinson;$2a$10$U24GVOLNqcrtd7L.R/sEdeK1K/Lx6OXbH5PkDu4wXELgb0ySVyAx2;pandersen@example.com;True;;fr;2020-07-25T18:09:32.580235;REQUESTED;PASSPORT;sNglRdQjxY
6;michaelmosley;Sheila;Chan;$2a$10$U24GVOLNqcrtd7L.R/sEdeK1K/Lx6OXbH5PkDu4wXELgb0ySVyAx2;marcus18@example.org;True;;fr;2023-12-22T04:21:25.457979;REQUESTED;PASSPORT;QUuZPFqgMb
7;thomaswilliam;Cheryl;Shelton;$2a$10$U24GVOLNqcrtd7L.R/sEdeK1K/Lx6OXbH5PkDu4wXELgb0ySVyAx2;osampson@example.com;True;;fr;2020-09-23T01:33:59.989954;REJECTED;PASSPORT;gcKjNREtEW
8;richardchoi;John;Pace;$2a$10$U24GVOLNqcrtd7L.R/sEdeK1K/Lx6OXbH5PkDu4wXELgb0ySVyAx2;brooksmelissa@example.com;True;;fr;2023-07-26T17:58:02.012105;REQUESTED;PASSPORT;VDHNAVIScD
9;watkinselizabeth;Jonathon;Smith;$2a$10$U24GVOLNqcrtd7L.R/sEdeK1K/Lx6OXbH5PkDu4wXELgb0ySVyAx2;christensensavannah@example.org;True;;fr;2023-03-07T10:32:12.705234;CERTIFIED;PASSPORT;KYPMYOwCgE
10;dylanmckinney;Tracy;Rowe;$2a$10$U24GVOLNqcrtd7L.R/sEdeK1K/Lx6OXbH5PkDu4wXELgb0ySVyAx2;lisarichmond@example.org;True;;fr;2025-01-13T19:14:40.143340;CERTIFIED;NATIONAL_ID_CARD;ShgMXGIRke
11;bryantsean;Steven;Wright;$2a$10$U24GVOLNqcrtd7L.R/sEdeK1K/Lx6OXbH5PkDu4wXELgb0ySVyAx2;ykelly@example.com;True;;fr;2020-01-05T07:02:35.985977;CERTIFIED;NATIONAL_ID_CARD;ZEPUISjJmg
12;kimberly46;Samantha;Mitchell;$2a$10$U24GVOLNqcrtd7L.R/sEdeK1K/Lx6OXbH5PkDu4wXELgb0ySVyAx2;lisagonzalez@example.net;True;;fr;2024-06-16T07:35:06.959065;REJECTED;NATIONAL_ID_CARD;UomTranrzi
13;vmadden;Mark;Schmidt;$2a$10$U24GVOLNqcrtd7L.R/sEdeK1K/Lx6OXbH5PkDu4wXELgb0ySVyAx2;vbrown@example.com;True;;fr;2021-12-07T08:45:38.539195;CERTIFIED;PASSPORT;CkJOrMvdAm
14;pwright;Jeffrey;Carter;$2a$10$U24GVOLNqcrtd7L.R/sEdeK1K/Lx6OXbH5PkDu4wXELgb0ySVyAx2;dukejonathan@example.com;True;;fr;2024-04-07T20:40:17.392514;REJECTED;PASSPORT;tiLhhWgmHX
15;leachsummer;Ann;Pierce;$2a$10$U24GVOLNqcrtd7L.R/sEdeK1K/Lx6OXbH5PkDu4wXELgb0ySVyAx2;jforbes@example.org;True;;fr;2025-08-04T20:35:56.781942;REQUESTED;NATIONAL_ID_CARD;fPVQHJFAse
16;nconley;Michael;Nelson;$2a$10$U24GVOLNqcrtd7L.R/sEdeK1K/Lx6OXbH5PkDu4wXELgb0ySVyAx2;erica04@example.org;True;;fr;2022-03-04T02:32:25.872193;CERTIFIED;PASSPORT;ZcLCSIYbEg
17;srobertson;Kimberly;Gordon;$2a$10$U24GVOLNqcrtd7L.R/sEdeK1K/Lx6OXbH5PkDu4wXELgb0ySVyAx2;kathleen44@example.net;True;;fr;2020-01-16T20:59:19.669993;CERTIFIED;PASSPORT;efFxsGeacp
18;kristen65;Shannon;Johnson;$2a$10$U24GVOLNqcrtd7L.R/sEdeK1K/Lx6OXbH5PkDu4wXELgb0ySVyAx2;qcameron@example.com;True;;fr;2020-09-12T10:11:20.780128;CERTIFIED;PASSPORT;TEzDpqJkTV
19;asimpson;Angelica;Green;$2a$10$U24GVOLNqcrtd7L.R/sEdeK1K/Lx6OXbH5PkDu4wXELgb0ySVyAx2;garzasara@example.com;True;;fr;2022-05-06T01:11:50.138904;REQUESTED;NATIONAL_ID_CARD;TRBFlnphNk
20;tiffany81;Stephen;Molina;$2a$10$U24GVOLNqcrtd7L.R/sEdeK1K/Lx6OXbH5PkDu4wXELgb0ySVyAx2;michellelane@example.net;True;;fr;2025-06-20T13:02:05.895603;REQUESTED;PASSPORT;sOaoYqWrJz
21;mwebb;Taylor;Green;$2a$10$U24GVOLNqcrtd7L.R/sEdeK1K/Lx6OXbH5PkDu4wXELgb0ySVyAx2;sarah13@example.com;True;;fr;2025-08-25T05:54:36.773901;REQUESTED;NATIONAL_ID_CARD;snPposhcgs
22;xgarcia;Michael;Rojas;$2a$10$U24GVOLNqcrtd7L.R/sEdeK1K/Lx6OXbH5PkDu4wXELgb0ySVyAx2;denisedominguez@example.com;True;;fr;2020-09-04T04:03:37.240471;REQUESTED;NATIONAL_ID_CARD;FldeddUKzz
23;jenniferherrera;Andrea;Morgan;$2a$10$U24GVOLNqcrtd7L.R/sEdeK1K/Lx6OXbH5PkDu4wXELgb0ySVyAx2;castillocharles@example.org;True;;fr;2020-10-09T19:07:58.993430;REJECTED;PASSPORT;PSUfYgMWNH
24;jennifer77;Edwin;Morton;$2a$10$U24GVOLNqcrtd7L.R/sEdeK1K/Lx6OXbH5PkDu4wXELgb0ySVyAx2;rjones@example.com;True;;fr;2023-08-08T03:15:38.324484;REJECTED;NATIONAL_ID_CARD;WvIgOvFFzH
25;fbanks;Wesley;Morgan;$2a$10$U24GVOLNqcrtd7L.R/sEdeK1K/Lx6OXbH5PkDu4wXELgb0ySVyAx2;wcunningham@example.org;True;;fr;2023-05-21T11:29:08.180938;REJECTED;NATIONAL_ID_CARD;VEvslxHkrx
26;shawn45;Christine;Murphy;$2a$10$U24GVOLNqcrtd7L.R/sEdeK1K/Lx6OXbH5PkDu4wXELgb0ySVyAx2;natasharowe@example.org;True;;fr;2024-11-16T03:03:40.684038;CERTIFIED;NATIONAL_ID_CARD;iSigHXUQvW
27;susanmiller;Deborah;Daniels;$2a$10$U24GVOLNqcrtd7L.R/sEdeK1K/Lx6OXbH5PkDu4wXELgb0ySVyAx2;browntimothy@example.net;True;;fr;2025-05-11T06:50:06.144994;CERTIFIED;NATIONAL_ID_CARD;vqcZkvuENs
28;catherine14;Wesley;Barnes;$2a$10$U24GVOLNqcrtd7L.R/sEdeK1K/Lx6OXbH5PkDu4wXELgb0ySVyAx2;nwalker@example.org;True;;fr;2022-01-16T11:52:22.917527;REQUESTED;PASSPORT;RoMKDMJWry
29;davisjames;Gilbert;Ball;$2a$10$U24GVOLNqcrtd7L.R/sEdeK1K/Lx6OXbH5PkDu4wXELgb0ySVyAx2;dmullins@example.com;True;;fr;2023-10-29T01:44:26.571251;REJECTED;NATIONAL_ID_CARD;xWZahRpOUw
30;briandrake;Daryl;Holland;$2a$10$U24GVOLNqcrtd7L.R/sEdeK1K/Lx6OXbH5PkDu4wXELgb0ySVyAx2;fgreen@example.net;True;;fr;2024-02-07T04:47:31.823872;REQUESTED;NATIONAL_ID_CARD;pLrenRhzTB
31;rebeccafernandez;Christopher;Page;$2a$10$U24GVOLNqcrtd7L.R/sEdeK1K/Lx6OXbH5PkDu4wXELgb0ySVyAx2;jennydavis@example.org;True;;fr;2022-07-01T12:01:37.229766;REJECTED;PASSPORT;xyGvPEqota
32;jonesevelyn;Marie;Reed;$2a$10$U24GVOLNqcrtd7L.R/sEdeK1K/Lx6OXbH5PkDu4wXELgb0ySVyAx2;zachary11@example.net;True;;fr;2023-10-24T12:54:20.147972;REJECTED;PASSPORT;LtXCwKNQMh
33;richardscarmen;Jesse;Williams;$2a$10$U24GVOLNqcrtd7L.R/sEdeK1K/Lx6OXbH5PkDu4wXELgb0ySVyAx2;cynthia72@example.com;True;;fr;2025-07-12T14:31:38.488484;REQUESTED;PASSPORT;NXhiaWNYPr
34;courtneymiller;Aaron;Young;$2a$10$U24GVOLNqcrtd7L.R/sEdeK1K/Lx6OXbH5PkDu4wXELgb0ySVyAx2;vsummers@example.org;True;;fr;2021-04-17T21:16:38.652472;REQUESTED;PASSPORT;wskAxuYlWe
35;obrown;Angelica;Atkinson;$2a$10$U24GVOLNqcrtd7L.R/sEdeK1K/Lx6OXbH5PkDu4wXELgb0ySVyAx2;jenniferdavis@example.net;True;;fr;2021-02-01T17:22:56.412457;REQUESTED;PASSPORT;FHCqgJGnqe
36;perezhaley;Debbie;Aguilar;$2a$10$U24GVOLNqcrtd7L.R/sEdeK1K/Lx6OXbH5PkDu4wXELgb0ySVyAx2;garcianicholas@example.net;True;;fr;2025-05-05T04:22:25.653875;CERTIFIED;PASSPORT;fXKdjsRXDI
37;jamieosborn;Nancy;Mckinney;$2a$10$U24GVOLNqcrtd7L.R/sEdeK1K/Lx6OXbH5PkDu4wXELgb0ySVyAx2;dwalker@example.com;True;;fr;2024-09-02T21:31:09.718029;REQUESTED;PASSPORT;rZXTJXTVYT
38;heatherparker;Regina;Richardson;$2a$10$U24GVOLNqcrtd7L.R/sEdeK1K/Lx6OXbH5PkDu4wXELgb0ySVyAx2;jeffreylogan@example.net;True;;fr;2021-08-10T08:55:24.819102;REQUESTED;PASSPORT;FiEdhFWFtv
39;kkoch;Claudia;Hendricks;$2a$10$U24GVOLNqcrtd7L.R/sEdeK1K/Lx6OXbH5PkDu4wXELgb0ySVyAx2;jennifer36@example.org;True;;fr;2023-10-18T10:50:09.767920;REJECTED;PASSPORT;aCmFrBhTSm
40;ashley73;Marie;Sosa;$2a$10$U24GVOLNqcrtd7L.R/sEdeK1K/Lx6OXbH5PkDu4wXELgb0ySVyAx2;michael21@example.net;True;;fr;2025-02-25T19:51:06.399642;REQUESTED;NATIONAL_ID_CARD;jpQlUAqhbH
41;tcox;Glenda;Hopkins;$2a$10$U24GVOLNqcrtd7L.R/sEdeK1K/Lx6OXbH5PkDu4wXELgb0ySVyAx2;jessica17@example.com;True;;fr;2021-06-20T07:16:22.821149;REJECTED;PASSPORT;kEqrjRKskk
42;amanda55;Courtney;Rose;$2a$10$U24GVOLNqcrtd7L.R/sEdeK1K/Lx6OXbH5PkDu4wXELgb0ySVyAx2;bgonzalez@example.net;True;;fr;2020-06-06T04:22:40.031037;REQUESTED;NATIONAL_ID_CARD;xPqsFfbsWv
43;xross;Lisa;Thomas;$2a$10$U24GVOLNqcrtd7L.R/sEdeK1K/Lx6OXbH5PkDu4wXELgb0ySVyAx2;huntalexandria@example.org;True;;fr;2024-04-21T05:49:37.930681;REJECTED;PASSPORT;nlAzeqamng
44;eandrews;Michael;Wagner;$2a$10$U24GVOLNqcrtd7L.R/sEdeK1K/Lx6OXbH5PkDu4wXELgb0ySVyAx2;bennettjulie@example.com;True;;fr;2024-03-20T02:35:58.289375;REQUESTED;PASSPORT;lDXEjbyTTW
45;robert85;Sharon;Strickland;$2a$10$U24GVOLNqcrtd7L.R/sEdeK1K/Lx6OXbH5PkDu4wXELgb0ySVyAx2;eric42@example.net;True;;fr;2024-01-17T15:28:17.959861;REQUESTED;PASSPORT;qBJMpaMNQt
46;bturner;Jo;Kelly;$2a$10$U24GVOLNqcrtd7L.R/sEdeK1K/Lx6OXbH5PkDu4wXELgb0ySVyAx2;christiandixon@example.com;True;;fr;2023-09-17T16:52:47.966677;REJECTED;NATIONAL_ID_CARD;ARWxHWkyqk
47;thomas21;Alexis;Hanson;$2a$10$U24GVOLNqcrtd7L.R/sEdeK1K/Lx6OXbH5PkDu4wXELgb0ySVyAx2;aaron07@example.org;True;;fr;2023-02-26T05:00:50.411296;CERTIFIED;NATIONAL_ID_CARD;ukTITHSXrC
48;terrybartlett;Jake;Fernandez;$2a$10$U24GVOLNqcrtd7L.R/sEdeK1K/Lx6OXbH5PkDu4wXELgb0ySVyAx2;mccoyjesse@example.net;True;;fr;2021-02-07T10:53:18.093930;REJECTED;PASSPORT;nGdSWmavdJ
49;nwilson;Theresa;Anderson;$2a$10$U24GVOLNqcrtd7L.R/sEdeK1K/Lx6OXbH5PkDu4wXELgb0ySVyAx2;jamie17@example.com;True;;fr;2021-10-30T18:34:55.493673;REQUESTED;NATIONAL_ID_CARD;JqtVPQdmqb
50;deanalexandria;Erin;Montgomery;$2a$10$U24GVOLNqcrtd7L.R/sEdeK1K/Lx6OXbH5PkDu4wXELgb0ySVyAx2;alyssa31@example.net;True;;fr;2024-07-31T04:25:32.957551;REQUESTED;PASSPORT;NlKLObDfsp
51;georgestephen;Gregory;Johnson;$2a$10$U24GVOLNqcrtd7L.R/sEdeK1K/Lx6OXbH5PkDu4wXELgb0ySVyAx2;flynnsarah@example.org;True;;fr;2021-09-06T16:02:01.260301;REQUESTED;NATIONAL_ID_CARD;ineYDTPRwN
52;hannah01;Christopher;Robinson;$2a$10$U24GVOLNqcrtd7L.R/sEdeK1K/Lx6OXbH5PkDu4wXELgb0ySVyAx2;ashleymendoza@example.com;True;;fr;2021-08-14T20:27:25.732201;REQUESTED;NATIONAL_ID_CARD;rHKgHcRZxr
53;edward22;Ashley;Anderson;$2a$10$U24GVOLNqcrtd7L.R/sEdeK1K/Lx6OXbH5PkDu4wXELgb0ySVyAx2;leahphillips@example.net;True;;fr;2025-07-16T22:15:26.908598;REJECTED;NATIONAL_ID_CARD;eQvPdRRpdO
54;harpereric;Ashley;Johnston;$2a$10$U24GVOLNqcrtd7L.R/sEdeK1K/Lx6OXbH5PkDu4wXELgb0ySVyAx2;yandrews@example.com;True;;fr;2022-08-11T10:45:31.462117;REQUESTED;NATIONAL_ID_CARD;EbRNBTuRBy
55;mirandalinda;Madison;Ortiz;$2a$10$U24GVOLNqcrtd7L.R/sEdeK1K/Lx6OXbH5PkDu4wXELgb0ySVyAx2;christensenanna@example.org;True;;fr;2020-10-31T00:10:03.321645;CERTIFIED;PASSPORT;RqZUgVhlVY
56;gmann;Brianna;Munoz;$2a$10$U24GVOLNqcrtd7L.R/sEdeK1K/Lx6OXbH5PkDu4wXELgb0ySVyAx2;pbrown@example.com;True;;fr;2025-08-04T07:22:02.913526;REQUESTED;PASSPORT;VWqWOzfRwz
57;andrewchang;John;Johnson;$2a$10$U24GVOLNqcrtd7L.R/sEdeK1K/Lx6OXbH5PkDu4wXELgb0ySVyAx2;kingedwin@example.org;True;;fr;2021-11-16T05:53:19.878793;CERTIFIED;PASSPORT;RnltsUKmfB
58;fbennett;Kristina;Stephenson;$2a$10$U24GVOLNqcrtd7L.R/sEdeK1K/Lx6OXbH5PkDu4wXELgb0ySVyAx2;kathleenfarmer@example.com;True;;fr;2021-10-27T12:33:36.439977;REQUESTED;PASSPORT;JehUpLyoSH
59;jacobpeterson;Jesus;Smith;$2a$10$U24GVOLNqcrtd7L.R/sEdeK1K/Lx6OXbH5PkDu4wXELgb0ySVyAx2;michael34@example.net;True;;fr;2021-12-12T23:38:55.449446;REQUESTED;PASSPORT;OexjyVuSCK
60;gabriel89;Edward;Mason;$2a$10$U24GVOLNqcrtd7L.R/sEdeK1K/Lx6OXbH5PkDu4wXELgb0ySVyAx2;hayesbrooke@example.net;True;;fr;2020-11-01T17:58:57.873516;CERTIFIED;PASSPORT;wiQCQUobyQ
61;nlee;Michele;Sanders;$2a$10$U24GVOLNqcrtd7L.R/sEdeK1K/Lx6OXbH5PkDu4wXELgb0ySVyAx2;bmills@example.net;True;;fr;2024-07-28T20:53:26.450565;CERTIFIED;NATIONAL_ID_CARD;AxHPKDAWwF
62;carl43;Anthony;Palmer;$2a$10$U24GVOLNqcrtd7L.R/sEdeK1K/Lx6OXbH5PkDu4wXELgb0ySVyAx2;emilymoreno@example.org;True;;fr;2023-08-07T10:06:28.285148;REJECTED;PASSPORT;DZejNoCNbm
63;valdezolivia;Ruth;Lucas;$2a$10$U24GVOLNqcrtd7L.R/sEdeK1K/Lx6OXbH5PkDu4wXELgb0ySVyAx2;angela16@example.com;True;;fr;2022-04-09T08:19:57.112388;REQUESTED;NATIONAL_ID_CARD;ypQuxdzRIP
64;vanessacarter;Corey;Roach;$2a$10$U24GVOLNqcrtd7L.R/sEdeK1K/Lx6OXbH5PkDu4wXELgb0ySVyAx2;cartersean@example.net;True;;fr;2025-07-22T01:27:20.647519;REQUESTED;NATIONAL_ID_CARD;BXIIjsOWYq
65;collinsbrooke;John;Hurley;$2a$10$U24GVOLNqcrtd7L.R/sEdeK1K/Lx6OXbH5PkDu4wXELgb0ySVyAx2;andersonjoseph@example.net;True;;fr;2025-09-07T15:55:47.264126;REQUESTED;PASSPORT;WcEGeDxhPV
66;ethan66;April;Davis;$2a$10$U24GVOLNqcrtd7L.R/sEdeK1K/Lx6OXbH5PkDu4wXELgb0ySVyAx2;kharris@example.net;True;;fr;2024-12-08T17:47:13.332686;CERTIFIED;PASSPORT;DGhoxJIemz
67;yodermary;Kendra;Hendricks;$2a$10$U24GVOLNqcrtd7L.R/sEdeK1K/Lx6OXbH5PkDu4wXELgb0ySVyAx2;kimmegan@example.net;True;;fr;2022-06-04T01:47:11.784158;REQUESTED;PASSPORT;iXGHdNIpYz
68;wschneider;Glenn;Thompson;$2a$10$U24GVOLNqcrtd7L.R/sEdeK1K/Lx6OXbH5PkDu4wXELgb0ySVyAx2;perrychloe@example.com;True;;fr;2022-10-14T20:37:30.428962;REJECTED;PASSPORT;VCphiWTOfo
69;holttonya;Kimberly;Richards;$2a$10$U24GVOLNqcrtd7L.R/sEdeK1K/Lx6OXbH5PkDu4wXELgb0ySVyAx2;oelliott@example.net;True;;fr;2025-05-15T05:50:03.748435;REQUESTED;NATIONAL_ID_CARD;lNwnhVuhih
70;caseyjohn;David;Zuniga;$2a$10$U24GVOLNqcrtd7L.R/sEdeK1K/Lx6OXbH5PkDu4wXELgb0ySVyAx2;melanie63@example.org;True;;fr;2023-08-17T20:38:58.185802;REQUESTED;NATIONAL_ID_CARD;IXurCSyeyC
71;xwells;Laura;Pruitt;$2a$10$U24GVOLNqcrtd7L.R/sEdeK1K/Lx6OXbH5PkDu4wXELgb0ySVyAx2;jason90@example.com;True;;fr;2023-12-27T01:49:15.088073;CERTIFIED;PASSPORT;nvyiIxHxKr
72;mitchellalex;Vanessa;Caldwell;$2a$10$U24GVOLNqcrtd7L.R/sEdeK1K/Lx6OXbH5PkDu4wXELgb0ySVyAx2;ksavage@example.com;True;;fr;2022-08-31T02:58:56.334897;REQUESTED;NATIONAL_ID_CARD;SMLMgpZMLn
73;kathleenthompson;Michael;Huang;$2a$10$U24GVOLNqcrtd7L.R/sEdeK1K/Lx6OXbH5PkDu4wXELgb0ySVyAx2;jsanchez@example.net;True;;fr;2023-09-27T12:13:12.472901;REQUESTED;PASSPORT;nyYUlLtPio
74;floresjennifer;Christine;Walker;$2a$10$U24GVOLNqcrtd7L.R/sEdeK1K/Lx6OXbH5PkDu4wXELgb0ySVyAx2;johnsondennis@example.org;True;;fr;2023-04-09T23:48:50.418664;REJECTED;PASSPORT;GFkZGOWvjs
75;xjenkins;William;Williams;$2a$10$U24GVOLNqcrtd7L.R/sEdeK1K/Lx6OXbH5PkDu4wXELgb0ySVyAx2;traceyhenderson@example.org;True;;fr;2023-05-10T21:20:02.179638;REQUESTED;NATIONAL_ID_CARD;uqrQZywLpx
76;olsonashley;Crystal;Johnson;$2a$10$U24GVOLNqcrtd7L.R/sEdeK1K/Lx6OXbH5PkDu4wXELgb0ySVyAx2;james90@example.com;True;;fr;2025-02-26T14:39:04.625394;REQUESTED;NATIONAL_ID_CARD;XzgGvekTmQ
77;melissa78;Angela;Howard;$2a$10$U24GVOLNqcrtd7L.R/sEdeK1K/Lx6OXbH5PkDu4wXELgb0ySVyAx2;lambertmaria@example.net;True;;fr;2020-01-07T19:33:49.187343;CERTIFIED;NATIONAL_ID_CARD;WudZBLnVBY
78;jasminecook;Linda;Lara;$2a$10$U24GVOLNqcrtd7L.R/sEdeK1K/Lx6OXbH5PkDu4wXELgb0ySVyAx2;michaelanderson@example.net;True;;fr;2024-08-14T18:53:03.549105;REJECTED;NATIONAL_ID_CARD;kDjrmylAIK
79;sophiajohnson;Penny;Davis;$2a$10$U24GVOLNqcrtd7L.R/sEdeK1K/Lx6OXbH5PkDu4wXELgb0ySVyAx2;alisonguzman@example.net;True;;fr;2024-01-26T17:17:29.527842;REJECTED;NATIONAL_ID_CARD;GtvBjGNFEs
80;huntjason;Jaclyn;Rice;$2a$10$U24GVOLNqcrtd7L.R/sEdeK1K/Lx6OXbH5PkDu4wXELgb0ySVyAx2;ericksontony@example.net;True;;fr;2023-10-27T23:04:13.077013;CERTIFIED;NATIONAL_ID_CARD;eKLcUIQDDB
81;mary69;Austin;Johnson;$2a$10$U24GVOLNqcrtd7L.R/sEdeK1K/Lx6OXbH5PkDu4wXELgb0ySVyAx2;carolgonzalez@example.net;True;;fr;2021-10-12T08:02:27.992910;REQUESTED;PASSPORT;CUpoGQxdZc
82;kwilson;Kimberly;Molina;$2a$10$U24GVOLNqcrtd7L.R/sEdeK1K/Lx6OXbH5PkDu4wXELgb0ySVyAx2;boydnatalie@example.org;True;;fr;2021-05-04T15:19:57.867124;REQUESTED;NATIONAL_ID_CARD;semWAUfNVB
83;robert54;Jessica;Martinez;$2a$10$U24GVOLNqcrtd7L.R/sEdeK1K/Lx6OXbH5PkDu4wXELgb0ySVyAx2;sheltonjessica@example.net;True;;fr;2024-04-24T14:15:23.730665;CERTIFIED;NATIONAL_ID_CARD;xJQiwKuxYc
84;jonathanstephens;Kimberly;Johnson;$2a$10$U24GVOLNqcrtd7L.R/sEdeK1K/Lx6OXbH5PkDu4wXELgb0ySVyAx2;sheakenneth@example.org;True;;fr;2024-12-24T00:15:02.139146;CERTIFIED;PASSPORT;NKLdacEHIS
85;taylorangelica;Kathryn;Adams;$2a$10$U24GVOLNqcrtd7L.R/sEdeK1K/Lx6OXbH5PkDu4wXELgb0ySVyAx2;rthompson@example.org;True;;fr;2021-12-28T12:02:04.074585;REQUESTED;PASSPORT;RRZDZFJvfs
86;taylor67;Anita;Murray;$2a$10$U24GVOLNqcrtd7L.R/sEdeK1K/Lx6OXbH5PkDu4wXELgb0ySVyAx2;brian61@example.com;True;;fr;2025-09-09T01:13:17.925555;REQUESTED;NATIONAL_ID_CARD;iMERTebotY
87;vtaylor;Shelby;Cook;$2a$10$U24GVOLNqcrtd7L.R/sEdeK1K/Lx6OXbH5PkDu4wXELgb0ySVyAx2;daniel49@example.net;True;;fr;2020-10-23T09:24:16.357994;REQUESTED;PASSPORT;LAoTvLXGtv
88;halljohn;Jeffrey;Herring;$2a$10$U24GVOLNqcrtd7L.R/sEdeK1K/Lx6OXbH5PkDu4wXELgb0ySVyAx2;beth24@example.org;True;;fr;2021-01-03T05:01:45.438124;REJECTED;NATIONAL_ID_CARD;aKjMoXiPjN
89;shelley47;Gloria;Sandoval;$2a$10$U24GVOLNqcrtd7L.R/sEdeK1K/Lx6OXbH5PkDu4wXELgb0ySVyAx2;gonzalesjames@example.net;True;;fr;2024-11-04T07:52:05.008674;CERTIFIED;PASSPORT;cfkSKDhegZ
90;staceysmith;Gregory;Logan;$2a$10$U24GVOLNqcrtd7L.R/sEdeK1K/Lx6OXbH5PkDu4wXELgb0ySVyAx2;kaitlynrogers@example.org;True;;fr;2021-12-11T23:31:03.161885;CERTIFIED;PASSPORT;luDHNCVixz
91;cohenbruce;Victor;Taylor;$2a$10$U24GVOLNqcrtd7L.R/sEdeK1K/Lx6OXbH5PkDu4wXELgb0ySVyAx2;johnsondennis@example.com;True;;fr;2024-09-28T16:38:30.385482;REJECTED;NATIONAL_ID_CARD;ertVxpQKBa
92;edward15;William;Combs;$2a$10$U24GVOLNqcrtd7L.R/sEdeK1K/Lx6OXbH5PkDu4wXELgb0ySVyAx2;tiffanykline@example.net;True;;fr;2025-01-18T22:13:54.473629;CERTIFIED;PASSPORT;GtMtMAJzrA
93;rebecca84;John;Wells;$2a$10$U24GVOLNqcrtd7L.R/sEdeK1K/Lx6OXbH5PkDu4wXELgb0ySVyAx2;otodd@example.net;True;;fr;2024-04-21T10:30:31.072260;REQUESTED;PASSPORT;frLoIqRuhp
94;chase55;David;Espinoza;$2a$10$U24GVOLNqcrtd7L.R/sEdeK1K/Lx6OXbH5PkDu4wXELgb0ySVyAx2;parkerashley@example.net;True;;fr;2020-10-22T20:08:59.178597;REQUESTED;PASSPORT;isQhrQnmbR
95;adamssamantha;Matthew;Vazquez;$2a$10$U24GVOLNqcrtd7L.R/sEdeK1K/Lx6OXbH5PkDu4wXELgb0ySVyAx2;washingtonjennifer@example.net;True;;fr;2023-03-16T10:12:18.505134;REQUESTED;NATIONAL_ID_CARD;HmqumYmLYb
96;catherinemoreno;Karla;Rodriguez;$2a$10$U24GVOLNqcrtd7L.R/sEdeK1K/Lx6OXbH5PkDu4wXELgb0ySVyAx2;campbelljames@example.com;True;;fr;2020-08-12T03:38:28.959112;REQUESTED;NATIONAL_ID_CARD;aisQUxiDLW
97;harrismathew;Stephanie;Robinson;$2a$10$U24GVOLNqcrtd7L.R/sEdeK1K/Lx6OXbH5PkDu4wXELgb0ySVyAx2;jasonpadilla@example.com;True;;fr;2024-01-16T14:28:39.842725;CERTIFIED;PASSPORT;ibKkPDsBrA
98;huntergraves;John;Olson;$2a$10$U24GVOLNqcrtd7L.R/sEdeK1K/Lx6OXbH5PkDu4wXELgb0ySVyAx2;rodriguezkenneth@example.org;True;;fr;2024-12-11T01:02:14.272453;REQUESTED;NATIONAL_ID_CARD;EgfPCNwpin
99;arnoldsusan;Franklin;Acosta;$2a$10$U24GVOLNqcrtd7L.R/sEdeK1K/Lx6OXbH5PkDu4wXELgb0ySVyAx2;mallorykelly@example.com;True;;fr;2021-07-01T01:21:02.859575;CERTIFIED;NATIONAL_ID_CARD;CfIYwvKkrW
100;karenbrown;Michelle;Lewis;$2a$10$U24GVOLNqcrtd7L.R/sEdeK1K/Lx6OXbH5PkDu4wXELgb0ySVyAx2;fclay@example.org;True;;fr;2024-10-10T06:37:51.847602;CERTIFIED;PASSPORT;PATWxoLwJu
101;smithmichael;Christopher;Ponce;$2a$10$U24GVOLNqcrtd7L.R/sEdeK1K/Lx6OXbH5PkDu4wXELgb0ySVyAx2;amyallen@example.com;True;;fr;2023-05-11T09:16:18.901383;CERTIFIED;PASSPORT;VMMjhtQEKo
102;melissa66;Troy;Valdez;$2a$10$U24GVOLNqcrtd7L.R/sEdeK1K/Lx6OXbH5PkDu4wXELgb0ySVyAx2;portervictoria@example.net;True;;fr;2025-04-28T18:30:11.444508;REQUESTED;NATIONAL_ID_CARD;yteTwbAVQF
